{
  "timestamp": "2025-12-15T04:22:28.201Z",
  "aiRecommendation": {
    "recommendations": [
      {
        "issue": "Extremely Slow Time to First Byte (TTFB) and Initial Server Response",
        "principle": "Server-Side Performance Optimization",
        "fix": "Optimize backend application logic and database queries to reduce server response time. Implement server-side caching for dynamic content and ensure adequate server resources. Utilize a Content Delivery Network (CDN) to reduce latency for HTML and static asset delivery.",
        "isScalable": true
      },
      {
        "issue": "Render-Blocking Resources and Unoptimized Critical Rendering Path",
        "principle": "Critical Rendering Path Optimization",
        "fix": "Identify and eliminate render-blocking CSS and JavaScript by inlining critical CSS for above-the-fold content and deferring non-critical styles. Load non-critical JavaScript with `defer` or `async` attributes to prevent parsing and execution from blocking initial page rendering.",
        "isScalable": true
      },
      {
        "issue": "Slow Largest Contentful Paint (LCP) due to Unoptimized Assets",
        "principle": "LCP Element Optimization and Prioritization",
        "fix": "Identify the Largest Contentful Paint (LCP) element (often an image, video, or large text block). Optimize images to modern formats (WebP, AVIF), ensure proper sizing, and lazy-load offscreen images. Preload the LCP resource using `<link rel=\"preload\" fetchpriority=\"high\">` if it's dynamically loaded, and ensure critical fonts are loaded promptly.",
        "isScalable": true
      },
      {
        "issue": "Excessive JavaScript Execution and Main Thread Blocking",
        "principle": "Minimize Main-Thread Work and Optimize JavaScript Delivery",
        "fix": "Reduce the total JavaScript bundle size through tree-shaking and code splitting. Implement lazy loading for modules and components not immediately needed. Optimize or defer third-party scripts. Break down long-running JavaScript tasks into smaller, asynchronous chunks to prevent main thread blocking.",
        "isScalable": true
      },
      {
        "issue": "Inefficient Network Resource Loading and Caching",
        "principle": "Network Efficiency and Caching Strategy",
        "fix": "Implement a robust caching strategy using appropriate `Cache-Control` headers for all static assets. Utilize HTTP/2 or HTTP/3 protocols to enable multiplexing and reduce request overhead. Configure resource hints like `preconnect` and `dns-prefetch` for critical third-party origins to establish early connections.",
        "isScalable": true
      }
    ]
  }
}