{
  "timestamp": "2025-12-15T04:08:05.812Z",
  "aiRecommendation": {
    "recommendation": "The exceptionally high First Contentful Paint (36.8s) and Largest Contentful Paint (72.0s) indicate a critical bottleneck in the initial rendering process. The most impactful issue is the delay in delivering and displaying any content to the user. Addressing this will significantly improve user experience and core web vitals.",
    "principle": "Optimize the Critical Rendering Path (CRP).",
    "fix": "Implement a comprehensive strategy to optimize the Critical Rendering Path: \n1.  **Reduce Server Response Time (TTFB):** Ensure the server delivers the initial HTML document as quickly as possible through backend optimizations, database query improvements, and leveraging a Content Delivery Network (CDN).\n2.  **Eliminate Render-Blocking Resources:** Identify and inline all CSS required for above-the-fold content directly into the HTML's `<head>`. Mark non-critical CSS with `media` attributes or defer its loading using `rel='preload' as='style'` with a `onload` handler. Apply `async` or `defer` attributes to all non-critical JavaScript scripts to prevent them from blocking the initial render.\n3.  **Prioritize Critical Resources:** Use `<link rel=\"preload\">` for critical resources such as the Largest Contentful Paint (LCP) image, web fonts, or crucial data to ensure they are fetched with high priority. Establish early connections to critical third-party origins using `<link rel=\"preconnect\">`.",
    "isScalable": true
  }
}